"category","file","title","source_name","source_page","image_url","score","bytes","notes"
"full-base",".\Docs\guides\Base\reference-layout-pack\full-base\001-indiegameculture-11x11-layout-killadrix-png.png","indiegameculture-11x11-layout-killadrix.png","existing-guide-corpus","Docs/guides/Base existing corpus","C:\Users\orca\.codex\worktrees\3274\RimBob\Docs\guides\Base\images\indiegameculture-11x11-layout-killadrix.png","100000","30516","local curated image copied from existing guide corpus"
"full-base",".\Docs\guides\Base\reference-layout-pack\full-base\002-indiegameculture-circular-base-jblade20000-png.png","indiegameculture-circular-base-jblade20000.png","existing-guide-corpus","Docs/guides/Base existing corpus","C:\Users\orca\.codex\worktrees\3274\RimBob\Docs\guides\Base\images\indiegameculture-circular-base-jblade20000.png","100000","37256","local curated image copied from existing guide corpus"
"full-base",".\Docs\guides\Base\reference-layout-pack\full-base\003-indiegameculture-eternal-city-grumpyolasian-png.png","indiegameculture-eternal-city-grumpyolasian.png","existing-guide-corpus","Docs/guides/Base existing corpus","C:\Users\orca\.codex\worktrees\3274\RimBob\Docs\guides\Base\images\indiegameculture-eternal-city-grumpyolasian.png","100000","85104","local curated image copied from existing guide corpus"
"full-base",".\Docs\guides\Base\reference-layout-pack\full-base\004-indiegameculture-full-base-room-color-layout-jpg.jpg","indiegameculture-full-base-room-color-layout.jpg","existing-guide-corpus","Docs/guides/Base existing corpus","C:\Users\orca\.codex\worktrees\3274\RimBob\Docs\guides\Base\images\indiegameculture-full-base-room-color-layout.jpg","100000","59034","local curated image copied from existing guide corpus"
"full-base",".\Docs\guides\Base\reference-layout-pack\full-base\005-indiegameculture-layered-onion-leeeigh-png.png","indiegameculture-layered-onion-leeeigh.png","existing-guide-corpus","Docs/guides/Base existing corpus","C:\Users\orca\.codex\worktrees\3274\RimBob\Docs\guides\Base\images\indiegameculture-layered-onion-leeeigh.png","100000","240580","local curated image copied from existing guide corpus"
"full-base",".\Docs\guides\Base\reference-layout-pack\full-base\006-indiegameculture-natural-wall-defense-base-jpg.jpg","indiegameculture-natural-wall-defense-base.jpg","existing-guide-corpus","Docs/guides/Base existing corpus","C:\Users\orca\.codex\worktrees\3274\RimBob\Docs\guides\Base\images\indiegameculture-natural-wall-defense-base.jpg","100000","73626","local curated image copied from existing guide corpus"
"full-base",".\Docs\guides\Base\reference-layout-pack\full-base\007-indiegameculture-peninsular-kossyran-republic-png.png","indiegameculture-peninsular-kossyran-republic.png","existing-guide-corpus","Docs/guides/Base existing corpus","C:\Users\orca\.codex\worktrees\3274\RimBob\Docs\guides\Base\images\indiegameculture-peninsular-kossyran-republic.png","100000","25444","local curated image copied from existing guide corpus"
"full-base",".\Docs\guides\Base\reference-layout-pack\full-base\008-indiegameculture-sedes-aquaphorus-maxmds-png.png","indiegameculture-sedes-aquaphorus-maxmds.png","existing-guide-corpus","Docs/guides/Base existing corpus","C:\Users\orca\.codex\worktrees\3274\RimBob\Docs\guides\Base\images\indiegameculture-sedes-aquaphorus-maxmds.png","100000","43340","local curated image copied from existing guide corpus"
"full-base",".\Docs\guides\Base\reference-layout-pack\full-base\009-indiegameculture-super-structure-natrium-png.png","indiegameculture-super-structure-natrium.png","existing-guide-corpus","Docs/guides/Base existing corpus","C:\Users\orca\.codex\worktrees\3274\RimBob\Docs\guides\Base\images\indiegameculture-super-structure-natrium.png","100000","47904","local curated image copied from existing guide corpus"
"full-base",".\Docs\guides\Base\reference-layout-pack\full-base\010-indiegameculture-town-layout-kanaervon-png.png","indiegameculture-town-layout-kanaervon.png","existing-guide-corpus","Docs/guides/Base existing corpus","C:\Users\orca\.codex\worktrees\3274\RimBob\Docs\guides\Base\images\indiegameculture-town-layout-kanaervon.png","100000","175040","local curated image copied from existing guide corpus"
"full-base",".\Docs\guides\Base\reference-layout-pack\full-base\011-rimworldwiki-colony-building-superstructure-layout-png.png","rimworldwiki-colony-building-superstructure-layout.png","existing-guide-corpus","Docs/guides/Base existing corpus","C:\Users\orca\.codex\worktrees\3274\RimBob\Docs\guides\Base\images\rimworldwiki-colony-building-superstructure-layout.png","100000","34581","local curated image copied from existing guide corpus"
"full-base",".\Docs\guides\Base\reference-layout-pack\full-base\012-death-star-rimworld-base-layout.jpg","Death Star Rimworld Base Layout","RimWorld Base","https://rimworldbase.com/rimworld-bases/death-star-rimworld-base-layout/","https://rimworldbase.com/wp-content/uploads/2017/11/base-death-star.jpg","50000","61480","RimWorld Base page image"
"full-base",".\Docs\guides\Base\reference-layout-pack\full-base\013-doing-some-city-planning.jpg","Doing some city planning","RimWorld Base","https://rimworldbase.com/rimworld-bases/doing-some-city-planning/","https://rimworldbase.com/wp-content/uploads/2017/10/city-planning.jpg","50000","121336","RimWorld Base page image"
"full-base",".\Docs\guides\Base\reference-layout-pack\full-base\014-rimworld-tiny-base.webp","RimWorld Tiny Base","RimWorld Base","https://rimworldbase.com/rimworld-bases/rimworld-tiny-base/","https://rimworldbase.com/wp-content/uploads/2023/03/RimWorld-Tiny-Base.webp","50000","216712","RimWorld Base page image"
"full-base",".\Docs\guides\Base\reference-layout-pack\full-base\015-rimworld-tiny-base.webp","RimWorld Tiny Base","RimWorld Base","https://rimworldbase.com/rimworld-bases/rimworld-tiny-base/","https://rimworldbase.com/wp-content/uploads/2023/03/RimWorld-Tiny-Base-Closeup.webp","50000","214866","RimWorld Base page image"
"full-base",".\Docs\guides\Base\reference-layout-pack\full-base\016-squared-base-for-22-people.jpg","Squared base for 22 people","RimWorld Base","https://rimworldbase.com/rimworld-bases/squared-base-for-22-people/","https://rimworldbase.com/wp-content/uploads/2017/06/Square-base.jpg","50000","54378","RimWorld Base page image"
"full-base",".\Docs\guides\Base\reference-layout-pack\full-base\017-squared-base-for-up-to-30-people.jpg","Squared base for up to 30 people","RimWorld Base","https://rimworldbase.com/rimworld-bases/squared-base-for-up-to-30-people/","https://rimworldbase.com/wp-content/uploads/2017/11/base_quadrada-Rimworld.jpg","50000","67042","RimWorld Base page image"
"full-base",".\Docs\guides\Base\reference-layout-pack\full-base\018-compact-base-for-solo-colonist.png","Compact base for solo colonist","Reddit r/RimWorld","https://www.reddit.com/r/RimWorld/comments/1mgb8ao/compact_base_for_solo_colonist/","https://i.redd.it/1k3z32huoqgf1.png","4854","2185262","community image post; strict layout/showcase query; preview-sized download"
"full-base",".\Docs\guides\Base\reference-layout-pack\full-base\019-i-designed-a-castle-themed-base-in-inkscape-that-i-m-kind-of-proud-of.png","I designed a castle-themed base in Inkscape that I'm kind of proud of. Now to actually get the resources to build it in game...","Reddit r/RimWorld","https://www.reddit.com/r/RimWorld/comments/n0uut1/i_designed_a_castlethemed_base_in_inkscape_that/","https://i.redd.it/3iaebnnjw0w61.png","4582","98330","community image post; strict layout/showcase query; preview-sized download"
"full-base",".\Docs\guides\Base\reference-layout-pack\full-base\020-thinking-about-which-rooms-need-to-be-close-to-which-for-optimizing-my.png","Thinking about which rooms need to be close to which for optimizing my next base layout. whay do you think?","Reddit r/RimWorld","https://www.reddit.com/r/RimWorld/comments/nknv6h/thinking_about_which_rooms_need_to_be_close_to/","https://i.redd.it/7qumcfmx89171.png","3730","60589","community image post; strict layout/showcase query; preview-sized download"
"full-base",".\Docs\guides\Base\reference-layout-pack\full-base\021-rate-my-base.png","rate my base","Reddit r/RimWorld","https://www.reddit.com/r/RimWorld/comments/lnci06/rate_my_base/","https://i.redd.it/4vhqakfgsei61.png","2534","1501148","community image post; strict layout/showcase query; preview-sized download"
"full-base",".\Docs\guides\Base\reference-layout-pack\full-base\022-i-am-more-proud-of-this-base-design-than-any-other-colony-i-ve-created.png","I am more proud of this base design than any other colony I've created.","Reddit r/RimWorld","https://www.reddit.com/r/RimWorld/comments/omyykn/i_am_more_proud_of_this_base_design_than_any/","https://i.redd.it/c9lhk7l891c71.png","1954","4006464","community image post; strict layout/showcase query; preview-sized download"
"full-base",".\Docs\guides\Base\reference-layout-pack\full-base\023-rimworld-1-6-base-room-layout-adjacency-diagram.png","Rimworld 1.6 Base/Room Layout Adjacency Diagram","Reddit r/RimWorld","https://www.reddit.com/r/RimWorld/comments/1pk7a5o/rimworld_16_baseroom_layout_adjacency_diagram/","https://i.redd.it/w8lm6nbypm6g1.png","1915","102621","community image post; strict layout/showcase query; preview-sized download"
"full-base",".\Docs\guides\Base\reference-layout-pack\full-base\024-this-is-the-palace-of-fleur-shy-loosely-based-on-the-design-of-the-pal.jpg","This is the Palace of Fleur Shy (loosely based on the design of the Palace of Versaille)","Reddit r/RimWorld","https://www.reddit.com/r/RimWorld/comments/gjpeit/this_is_the_palace_of_fleur_shy_loosely_based_on/","https://i.redd.it/jkk5ffqo8ry41.jpg","1655","2713981","community image post; strict layout/showcase query; preview-sized download"
"full-base",".\Docs\guides\Base\reference-layout-pack\full-base\025-silvanar-the-city-of-remembrance.jpg","Silvanar, the City of Remembrance","Reddit r/RimWorldPorn","https://www.reddit.com/r/RimWorldPorn/comments/lmdi4k/silvanar_the_city_of_remembrance/","https://preview.redd.it/g5rzwtuow5i61.jpg?width=1080&crop=smart&auto=webp&s=6f4618210ed25b960ac34ced1ede43fc7c622202","1499","224051","community image post; strict layout/showcase query; preview-sized download"
"full-base",".\Docs\guides\Base\reference-layout-pack\full-base\026-rate-my-base.png","Rate my base!","Reddit r/RimWorld","https://www.reddit.com/r/RimWorld/comments/1r3h9c8/rate_my_base/","https://i.redd.it/ukpuqywib7jg1.png","1242","1410488","community image post; strict layout/showcase query; preview-sized download"
"full-base",".\Docs\guides\Base\reference-layout-pack\full-base\027-two-years-in-rate-my-base.png","Two years in, Rate my base","Reddit r/RimWorld","https://www.reddit.com/r/RimWorld/comments/1bsfxe5/two_years_in_rate_my_base/","https://i.redd.it/215al92jgprc1.png","992","1741872","community image post; strict layout/showcase query; preview-sized download"
"full-base",".\Docs\guides\Base\reference-layout-pack\full-base\028-i-s-this-a-good-base-design.jpg","I's this a good base design?","Reddit r/RimWorld","https://www.reddit.com/r/RimWorld/comments/traodn/is_this_a_good_base_design/","https://i.redd.it/r13akj861dq81.jpg","958","1038224","community image post; strict layout/showcase query; preview-sized download"
"full-base",".\Docs\guides\Base\reference-layout-pack\full-base\029-infinitely-repeating-modular-circle-base-design.png","Infinitely Repeating Modular Circle Base Design","Reddit r/RimWorld","https://www.reddit.com/r/RimWorld/comments/8luo1c/infinitely_repeating_modular_circle_base_design/","https://i.redd.it/3104jllmduz01.png","891","25795","community image post; strict layout/showcase query; preview-sized download"
"full-base",".\Docs\guides\Base\reference-layout-pack\full-base\030-rate-my-first-base-in-rimworld.png","rate my first base in rimworld","Reddit r/RimWorld","https://www.reddit.com/r/RimWorld/comments/1gozjj4/rate_my_first_base_in_rimworld/","https://i.redd.it/24raszxjhb0e1.png","790","1768717","community image post; strict layout/showcase query; preview-sized download"
"full-base",".\Docs\guides\Base\reference-layout-pack\full-base\031-northwest-trade-federation-base-omega-my-biggest-project-yet-info-in-c.jpg","Northwest Trade Federation Base Omega. My biggest project yet, Info in comments","Reddit r/RimWorldPorn","https://www.reddit.com/r/RimWorldPorn/comments/ciki1g/northwest_trade_federation_base_omega_my_biggest/","https://preview.redd.it/eleqc6i9ivc31.jpg?width=1080&crop=smart&auto=webp&s=57a2b04d67690d6132e40130f66bea9c280e55f7","790","272827","community image post; strict layout/showcase query; preview-sized download"
"full-base",".\Docs\guides\Base\reference-layout-pack\full-base\032-this-is-gonna-be-my-next-base-layout-thoughts-do-i-need-the-vents-if-i.png","This is gonna be my next base layout. Thoughts? Do I need the vents if I keep the doors propped open?","Reddit r/RimWorld","https://www.reddit.com/r/RimWorld/comments/14wnet2/this_is_gonna_be_my_next_base_layout_thoughts_do/","https://i.redd.it/xj9v379tbbbb1.png","716","1698431","community image post; strict layout/showcase query; preview-sized download"
"full-base",".\Docs\guides\Base\reference-layout-pack\full-base\033-rate-my-base.png","rate my base","Reddit r/RimWorld","https://www.reddit.com/r/RimWorld/comments/1kh0tms/rate_my_base/","https://i.redd.it/yqgt9fratdze1.png","715","7979962","community image post; strict layout/showcase query; preview-sized download"
"full-base",".\Docs\guides\Base\reference-layout-pack\full-base\034-chat-did-i-get-better-at-base-design.jpg","chat did i get better at base design","Reddit r/RimWorld","https://www.reddit.com/r/RimWorld/comments/1nyowwd/chat_did_i_get_better_at_base_design/","https://i.redd.it/mh010i17uatf1.jpeg","714","708556","community image post; strict layout/showcase query; preview-sized download"
"full-base",".\Docs\guides\Base\reference-layout-pack\full-base\035-thas-ithicania-the-city-of-nightmares.jpg","Thas-Ithicania, the City of Nightmares","Reddit r/RimWorldPorn","https://www.reddit.com/r/RimWorldPorn/comments/j9ei0c/thasithicania_the_city_of_nightmares/","https://preview.redd.it/69w9j9e1gjs51.jpg?width=1080&crop=smart&auto=webp&s=b03e4fbeb2119ab326594d35dd6d93e114912a01","659","152177","community image post; strict layout/showcase query; preview-sized download"
"full-base",".\Docs\guides\Base\reference-layout-pack\full-base\036-city-style-base.png","City Style Base","Reddit r/RimWorld","https://www.reddit.com/r/RimWorld/comments/1efq737/city_style_base/","https://i.redd.it/gwj8iqd3ymfd1.png","590","3426380","community image post; strict layout/showcase query; preview-sized download"
"full-base",".\Docs\guides\Base\reference-layout-pack\full-base\037-sedes-aquaphorus-a-roman-themed-town-6th-year.jpg","Sedes Aquaphorus - a Roman ""Themed"" Town | 6th Year","Reddit r/RimWorldPorn","https://www.reddit.com/r/RimWorldPorn/comments/xany7e/sedes_aquaphorus_a_roman_themed_town_6th_year/","https://preview.redd.it/nlbpwwbku0n91.jpg?width=1080&crop=smart&auto=webp&s=baa377d8b2647ddcf18934bb7180f5fc4ce33f01","539","152413","community image post; strict layout/showcase query; preview-sized download"
"full-base",".\Docs\guides\Base\reference-layout-pack\full-base\038-i-m-new-to-rimworld-and-loving-the-game-its-my-second-colony-but-i-m-s.png","I'm new to rimworld and loving the game its my second colony. But I'm struggling with base designs and layouts . Any help/advice would be huge. I'm playing in vanilla","Reddit r/RimWorld","https://www.reddit.com/r/RimWorld/comments/12rpig5/im_new_to_rimworld_and_loving_the_game_its_my/","https://i.redd.it/2ct63u1uptua1.png","525","6687187","community image post; strict layout/showcase query; preview-sized download"
"full-base",".\Docs\guides\Base\reference-layout-pack\full-base\039-i-thought-i-would-try-my-hand-at-a-village-layout-instead-of-a-traditi.png","I thought I would try my hand at a village layout instead of a traditional base. Four years in and I've never had more fun with this game! We have a school, Mayor's office, guest quarters (with an adjacent store), a house of prayer, and way too many kids.","Reddit r/RimWorld","https://www.reddit.com/r/RimWorld/comments/gmpz57/i_thought_i_would_try_my_hand_at_a_village_layout/","https://i.redd.it/3ygjdhsjhqz41.png","507","2050804","community image post; strict layout/showcase query; preview-sized download"
"full-base",".\Docs\guides\Base\reference-layout-pack\full-base\040-thoughts-on-my-base-design.png","Thoughts on my base design?","Reddit r/RimWorld","https://www.reddit.com/r/RimWorld/comments/1pm2vyu/thoughts_on_my_base_design/","https://i.redd.it/prw8iuxwy27g1.png","483","10580058","community image post; strict layout/showcase query; preview-sized download"
"full-base",".\Docs\guides\Base\reference-layout-pack\full-base\041-tried-doing-an-insect-like-base-layout-and-named-my-ideology-anthell-i.png","Tried doing an insect-like base layout and named my Ideology Anthell. Is it insect-y enough?","Reddit r/RimWorld","https://www.reddit.com/r/RimWorld/comments/1igjh4d/tried_doing_an_insectlike_base_layout_and_named/","https://i.redd.it/akvw4hhfivge1.png","478","1920187","community image post; strict layout/showcase query; preview-sized download"
"full-base",".\Docs\guides\Base\reference-layout-pack\full-base\042-what-a-modular-base-design-ethos-actually-looks-like-with-multiple-exa.png","What a ""modular base design"" ethos actually looks like, with multiple examples.","Reddit r/RimWorld","https://www.reddit.com/r/RimWorld/comments/wyqpd8/what_a_modular_base_design_ethos_actually_looks/","https://i.redd.it/6eiqaqvly5k91.png","466","680208","community image post; strict layout/showcase query; preview-sized download"
"full-base",".\Docs\guides\Base\reference-layout-pack\full-base\043-been-playing-for-over-100-hours-now-rate-my-base.png","Been playing for over 100 hours now, rate my base?","Reddit r/RimWorld","https://www.reddit.com/r/RimWorld/comments/14dlz12/been_playing_for_over_100_hours_now_rate_my_base/","https://i.redd.it/9ekukcdol07b1.png","450","2942029","community image post; strict layout/showcase query; preview-sized download"
"full-base",".\Docs\guides\Base\reference-layout-pack\full-base\044-the-citadel-my-attempt-at-building-the-ultimate-mostly-vanilla-base-12.jpg","The Citadel - my attempt at building the ultimate (mostly) vanilla base! 12 year 1.0 play through. Let me know your thoughts!","Reddit r/RimWorldPorn","https://www.reddit.com/r/RimWorldPorn/comments/g6ub6q/the_citadel_my_attempt_at_building_the_ultimate/","https://preview.redd.it/ur8te2e4omu41.jpg?width=1080&crop=smart&auto=webp&s=b1f0f3cbdc0f7ebf1055f593c81e2d8bd0d6bc7d","422","259502","community image post; strict layout/showcase query; preview-sized download"
"full-base",".\Docs\guides\Base\reference-layout-pack\full-base\045-after-years-of-playing-this-game-i-like-to-finally-start-sharing-my-ba.png","After years of playing this game, I like to finally start sharing my base designs with everyone. please do share with me your own base!","Reddit r/RimWorld","https://www.reddit.com/r/RimWorld/comments/wfyizc/after_years_of_playing_this_game_i_like_to/","https://i.redd.it/551bt8x2iof91.png","386","3694614","community image post; strict layout/showcase query; preview-sized download"
"full-base",".\Docs\guides\Base\reference-layout-pack\full-base\046-after-300h-ive-finally-settled-on-a-base-design-the-donu-enclave-confi.png","after 300h ive finally settled on a base design: the donu- Enclave configuration. future iterations will be slightly wider","Reddit r/RimWorld","https://www.reddit.com/r/RimWorld/comments/ymqike/after_300h_ive_finally_settled_on_a_base_design/","https://i.redd.it/nf57abt534y91.png","385","2860338","community image post; strict layout/showcase query; preview-sized download"
"full-base",".\Docs\guides\Base\reference-layout-pack\full-base\047-little-island-village.jpg","Little island village","Reddit r/RimWorldPorn","https://www.reddit.com/r/RimWorldPorn/comments/rsi2o6/little_island_village/","https://preview.redd.it/h3fnzyv28s881.jpg?width=1080&crop=smart&auto=webp&s=68e55c861af74db17892f50255a0d34e8c40eaa6","384","119346","community image post; strict layout/showcase query; preview-sized download"
"full-base",".\Docs\guides\Base\reference-layout-pack\full-base\048-rate-my-base.png","Rate my base","Reddit r/RimWorld","https://www.reddit.com/r/RimWorld/comments/1jwsezz/rate_my_base/","https://i.redd.it/tdeuey0928ue1.png","375","3736486","community image post; strict layout/showcase query; preview-sized download"
"full-base",".\Docs\guides\Base\reference-layout-pack\full-base\049-my-compact-but-effective-base-day-245-on-rough-commitment-mode.jpg","My compact but effective base. Day 245 on Rough, Commitment mode.","Reddit r/RimWorld","https://www.reddit.com/r/RimWorld/comments/pmp2fx/my_compact_but_effective_base_day_245_on_rough/","https://i.redd.it/tfyxj7dma1n71.jpg","371","932109","community image post; strict layout/showcase query; preview-sized download"
"full-base",".\Docs\guides\Base\reference-layout-pack\full-base\050-marble-city-v2-0-final.jpg","Marble City V2.0 (Final)","Reddit r/RimWorldPorn","https://www.reddit.com/r/RimWorldPorn/comments/wlp26b/marble_city_v20_final/","https://preview.redd.it/n6ykd0z0k2h91.jpg?width=1080&crop=smart&auto=webp&s=f48fa4cb8e9e7591fe62caf860c41b62588fee95","354","238856","community image post; strict layout/showcase query; preview-sized download"
"full-base",".\Docs\guides\Base\reference-layout-pack\full-base\051-does-anyone-else-spend-entirely-too-much-time-sitting-around-thinking.png","Does anyone else spend ENTIRELY too much time sitting around thinking about Rimworld base design?","Reddit r/RimWorld","https://www.reddit.com/r/RimWorld/comments/fiozou/does_anyone_else_spend_entirely_too_much_time/","https://i.redd.it/lfh5pgiy6pm41.png","353","335461","community image post; strict layout/showcase query; preview-sized download"
"full-base",".\Docs\guides\Base\reference-layout-pack\full-base\052-the-city-of-menum-145-hours.jpg","The City of Menum (145+ hours)","Reddit r/RimWorldPorn","https://www.reddit.com/r/RimWorldPorn/comments/fbjm83/the_city_of_menum_145_hours/","https://preview.redd.it/7d0a1ld5nxj41.jpg?width=1080&crop=smart&auto=webp&s=42adc806f1b50312b83e79e1f2004db642b98186","353","174927","community image post; strict layout/showcase query; preview-sized download"
"full-base",".\Docs\guides\Base\reference-layout-pack\full-base\053-the-village-of-sparta-732-2fps-waldo-is-still-wearing-a-legendary-bear.jpg","The village of Sparta · 732 · 2FPS · Waldo is still wearing a legendary bearskin tophat · 40ppt, 89%","Reddit r/RimWorldPorn","https://www.reddit.com/r/RimWorldPorn/comments/ms6hti/the_village_of_sparta_732_2fps_waldo_is_still/","https://preview.redd.it/dcxi60gr7kt61.jpg?width=1080&crop=smart&auto=webp&s=6b684f1f63909e1d6f6486111370812abe88fca8","351","285358","community image post; strict layout/showcase query; preview-sized download"
"full-base",".\Docs\guides\Base\reference-layout-pack\full-base\054-coast-secret-hideout-a-warm-peaceful-little-village-we-lived-in.jpg","Coast Secret Hideout: a warm, peaceful little village we lived in","Reddit r/RimWorldPorn","https://www.reddit.com/r/RimWorldPorn/comments/y2aqe4/coast_secret_hideout_a_warm_peaceful_little/","https://preview.redd.it/jnkdip5jyet91.jpg?width=1080&crop=smart&auto=webp&s=9d6cbca9fb5c8ea39fa656dc65c2bf1111a5eb4e","346","162464","community image post; strict layout/showcase query; preview-sized download"
"full-base",".\Docs\guides\Base\reference-layout-pack\full-base\055-welcome-to-pleasure-city-an-escape-on-the-rim-to-everything-recreation.jpg","Welcome to Pleasure City - an escape on the Rim to everything recreation | Year 8 Community Builder","Reddit r/RimWorldPorn","https://www.reddit.com/r/RimWorldPorn/comments/sb0kuk/welcome_to_pleasure_city_an_escape_on_the_rim_to/","https://preview.redd.it/09v40sksfhd81.jpg?width=1080&crop=smart&auto=webp&s=9ec49626f3511f5d51c1f3cbec0e4f651bac222d","341","247762","community image post; strict layout/showcase query; preview-sized download"
"full-base",".\Docs\guides\Base\reference-layout-pack\full-base\056-from-tribal-to-spacer-the-barbarian-village-11-years-22-colonists-20-s.png","From Tribal to Spacer: The Barbarian Village | 11 years, 22 colonists, 20 slaves","Reddit r/RimWorldPorn","https://www.reddit.com/r/RimWorldPorn/comments/zyno10/from_tribal_to_spacer_the_barbarian_village_11/","https://preview.redd.it/69is8kw7zx8a1.png?width=1080&crop=smart&auto=webp&s=57158b4e4c630a8ea11fad6d35fb4e7b77f24a89","335","701958","community image post; strict layout/showcase query; preview-sized download"
"full-base",".\Docs\guides\Base\reference-layout-pack\full-base\057-castle-loursalona-and-the-surrounding-town-c-jugust-5508-70-citizens.jpg","Castle Loursalona and the surrounding town, C. Jugust 5508. 70 Citizens.","Reddit r/RimWorldPorn","https://www.reddit.com/r/RimWorldPorn/comments/w6d80k/castle_loursalona_and_the_surrounding_town_c/","https://preview.redd.it/htthmzjsldd91.jpg?width=1080&crop=smart&auto=webp&s=9fbfe33276ae4d4b44b3f8508f6844ac7864000e","320","234300","community image post; strict layout/showcase query; preview-sized download"
"full-base",".\Docs\guides\Base\reference-layout-pack\full-base\058-lakeside-super-fortress.jpg","Lakeside Super Fortress","Reddit r/RimWorldPorn","https://www.reddit.com/r/RimWorldPorn/comments/sk02oa/lakeside_super_fortress/","https://preview.redd.it/kog69ggzupf81.jpg?width=1080&crop=smart&auto=webp&s=ea8525f169f262958970b9c25af9e021cc71cebf","314","117373","community image post; strict layout/showcase query; preview-sized download"
"full-base",".\Docs\guides\Base\reference-layout-pack\full-base\059-town-of-brira-now-complete.jpg","Town of Brira. Now complete!!!","Reddit r/RimWorldPorn","https://www.reddit.com/r/RimWorldPorn/comments/dqb456/town_of_brira_now_complete/","https://preview.redd.it/g4jga6rx85w31.jpg?width=1080&crop=smart&auto=webp&s=e25649586b47140521afdf6cc8815d122c3c302a","314","154040","community image post; strict layout/showcase query; preview-sized download"
"full-base",".\Docs\guides\Base\reference-layout-pack\full-base\060-designing-a-37x37-base-does-anyone-else-have-a-layout-they-like-to-use.png","Designing a 37x37 base. Does anyone else have a layout they like to use?","Reddit r/RimWorld","https://www.reddit.com/r/RimWorld/comments/vdtwf8/designing_a_37x37_base_does_anyone_else_have_a/","https://i.redd.it/j6b3ww1pa1691.png","302","13378","community image post; strict layout/showcase query; preview-sized download"
"full-base",".\Docs\guides\Base\reference-layout-pack\full-base\061-western-town-including-saloon-jail-bank-weapon-smith-goldmine-and-more.jpg","Western Town - including Saloon, Jail, Bank, Weapon Smith, Goldmine and more. Smelly Joe was booked for indecent behaviour again.","Reddit r/RimWorldPorn","https://www.reddit.com/r/RimWorldPorn/comments/pnwmth/western_town_including_saloon_jail_bank_weapon/","https://preview.redd.it/ex7v6lawmen71.jpg?width=1080&crop=smart&auto=webp&s=08cb015a9278b32e6d51676cef0a7de2846bfa06","287","169363","community image post; strict layout/showcase query; preview-sized download"
"full-base",".\Docs\guides\Base\reference-layout-pack\full-base\062-how-do-you-guys-feel-about-non-linear-base-design.jpg","How do you guys feel about non-linear base design?","Reddit r/RimWorld","https://www.reddit.com/r/RimWorld/comments/ifgut7/how_do_you_guys_feel_about_nonlinear_base_design/","https://i.redd.it/90wqzk346vi51.jpg","286","278330","community image post; strict layout/showcase query; preview-sized download"
"full-base",".\Docs\guides\Base\reference-layout-pack\full-base\063-rate-my-friend-s-first-lasting-base-on-his-5th-colony-about-6-hours-to.png","Rate my friend's first (lasting) base. On his 5th colony, about 6 hours total playtime","Reddit r/RimWorld","https://www.reddit.com/r/RimWorld/comments/1i9m4et/rate_my_friends_first_lasting_base_on_his_5th/","https://i.redd.it/4zeoz94ux4fe1.png","279","3437885","community image post; strict layout/showcase query; preview-sized download"
"full-base",".\Docs\guides\Base\reference-layout-pack\full-base\064-the-town-of-tristram-7-colonists-cassandra-adventure-story.png","The Town of Tristram | 7 colonists | Cassandra Adventure Story","Reddit r/RimWorldPorn","https://www.reddit.com/r/RimWorldPorn/comments/vys8ad/the_town_of_tristram_7_colonists_cassandra/","https://preview.redd.it/c2urgbfabib91.png?width=1080&crop=smart&auto=webp&s=f609314bb9636ac4d1eaea8b6541af4e0172c2f5","277","708620","community image post; strict layout/showcase query; preview-sized download"
"full-base",".\Docs\guides\Base\reference-layout-pack\full-base\065-ringtown-201-days.jpg","Ringtown - 201 Days","Reddit r/RimWorldPorn","https://www.reddit.com/r/RimWorldPorn/comments/fxqqtb/ringtown_201_days/","https://preview.redd.it/78w9brum1sr41.jpg?width=1080&crop=smart&auto=webp&s=903b406f4487aa2219ffd837d354364b14d5a1a4","269","151641","community image post; strict layout/showcase query; preview-sized download"
"full-base",".\Docs\guides\Base\reference-layout-pack\full-base\066-the-story-of-elyvern-solo-naked-brutality-day-157-second-settlement-do.jpg","The Story of Elyvern. Solo Naked Brutality. Day 157. Second Settlement. Dozenth or so tile. We might actually be doing pretty well up here in the North. Gonna try sticking it out for a while. Winter one. Halfway through to Spring.","Reddit r/RimWorldPorn","https://www.reddit.com/r/RimWorldPorn/comments/k7wc9a/the_story_of_elyvern_solo_naked_brutality_day_157/","https://preview.redd.it/25y62zwobl361.jpg?width=1080&crop=smart&auto=webp&s=e79fcaa14a57048db06e8c758709dcca3020a946","265","108542","community image post; strict layout/showcase query; preview-sized download"
"full-base",".\Docs\guides\Base\reference-layout-pack\full-base\067-conduitless-doughnut-base-design.jpg","Conduitless Doughnut Base Design","Reddit r/RimWorld","https://www.reddit.com/r/RimWorld/comments/7mhdgc/conduitless_doughnut_base_design/","https://i.redd.it/ahybxpycti601.jpg","261","544808","community image post; strict layout/showcase query; preview-sized download"
"full-base",".\Docs\guides\Base\reference-layout-pack\full-base\068-fortress-base-naked-brutality.jpg","Fortress Base - Naked Brutality","Reddit r/RimWorldPorn","https://www.reddit.com/r/RimWorldPorn/comments/wo9mvb/fortress_base_naked_brutality/","https://preview.redd.it/9towt9nyaph91.jpg?width=1080&crop=smart&auto=webp&s=3d9b8219e7300221d842874da152706980a811af","261","165309","community image post; strict layout/showcase query; preview-sized download"
"full-base",".\Docs\guides\Base\reference-layout-pack\full-base\069-my-radially-symmetrical-base-the-fractalbed-of-teisna-4-years-into-dev.jpg","My radially symmetrical base, the Fractalbed of Teisna, 4 years into development.","Reddit r/RimWorldPorn","https://www.reddit.com/r/RimWorldPorn/comments/jcd6cv/my_radially_symmetrical_base_the_fractalbed_of/","https://preview.redd.it/29syfoe8iht51.jpg?width=1080&crop=smart&auto=webp&s=167318a9a367c76a9aea5677fec44e3d99883b71","252","124826","community image post; strict layout/showcase query; preview-sized download"
"full-base",".\Docs\guides\Base\reference-layout-pack\full-base\070-was-designing-a-whole-base-zoomed-in-and-well-i-saw-this-when-i-zoomed.jpg","Was designing a whole base zoomed in and well...... I saw this when I zoomed out and my wife was the first person to point it out lolol","Reddit r/RimWorld","https://www.reddit.com/r/RimWorld/comments/fnc3vs/was_designing_a_whole_base_zoomed_in_and_well_i/","https://i.redd.it/3w4mrkmkzbo41.jpg","251","230389","community image post; strict layout/showcase query; preview-sized download"
"full-base",".\Docs\guides\Base\reference-layout-pack\full-base\071-tried-my-best-to-make-a-compact-base.jpg","Tried my best to make a compact base","Reddit r/RimWorldPorn","https://www.reddit.com/r/RimWorldPorn/comments/iyb2no/tried_my_best_to_make_a_compact_base/","https://preview.redd.it/sf9ueutnpwo51.jpg?width=1080&crop=smart&auto=webp&s=9d635e68334ab7747a8c3f16b14c642e5bc03dc5","243","210272","community image post; strict layout/showcase query; preview-sized download"
"full-base",".\Docs\guides\Base\reference-layout-pack\full-base\072-my-first-round-base.jpg","My first Round base","Reddit r/RimWorldPorn","https://www.reddit.com/r/RimWorldPorn/comments/gb5yo0/my_first_round_base/","https://preview.redd.it/bp28grce81w41.jpg?width=1080&crop=smart&auto=webp&s=978a1d850a80dfc873172cf6a402127811ba9c6d","239","163716","community image post; strict layout/showcase query; preview-sized download"
"full-base",".\Docs\guides\Base\reference-layout-pack\full-base\073-rate-my-base.jpg","Rate my Base","Reddit r/RimWorld","https://www.reddit.com/r/RimWorld/comments/nnutoy/rate_my_base/","https://i.redd.it/uwbg3ix644271.jpg","228","432114","community image post; strict layout/showcase query; preview-sized download"
"full-base",".\Docs\guides\Base\reference-layout-pack\full-base\074-anyone-else-like-to-keep-things-small-my-cozy-and-functional-cassie-sa.jpg","Anyone else like to keep things small? My cozy and functional Cassie Savage base, 7 years. Vanilla-ish","Reddit r/RimWorldPorn","https://www.reddit.com/r/RimWorldPorn/comments/f5l3eb/anyone_else_like_to_keep_things_small_my_cozy_and/","https://preview.redd.it/1kmmv1pknlh41.jpg?width=1080&crop=smart&auto=webp&s=5674f0289c9e1562a2f0d2dfb2a2483af96af0e0","228","137475","community image post; strict layout/showcase query; preview-sized download"
"full-base",".\Docs\guides\Base\reference-layout-pack\full-base\075-the-city-of-circles-year-9.jpg","The City of Circles - Year 9","Reddit r/RimWorldPorn","https://www.reddit.com/r/RimWorldPorn/comments/uip103/the_city_of_circles_year_9/","https://preview.redd.it/mpfy5kxg1lx81.jpg?width=1080&crop=smart&auto=webp&s=5c685b37400c00dfcef20185ee21201bd694f63d","227","213347","community image post; strict layout/showcase query; preview-sized download"
"full-base",".\Docs\guides\Base\reference-layout-pack\full-base\076-this-is-my-first-not-entirely-catastrophic-playthrough-i-was-wondering.png","This is my first not entirely catastrophic playthrough, I was wondering if anyone had any tips to make my base better","Reddit r/RimWorld","https://www.reddit.com/r/RimWorld/comments/1l0yy5r/this_is_my_first_not_entirely_catastrophic/","https://i.redd.it/azfe0hu4kd4f1.png","226","1183644","community image post; strict layout/showcase query; preview-sized download"
"full-base",".\Docs\guides\Base\reference-layout-pack\full-base\077-my-base-layout-it-ain-t-much-but-it-s-honest-work.jpg","My base layout (It ain't much but it's honest work)","Reddit r/RimWorld","https://www.reddit.com/r/RimWorld/comments/oz29e1/my_base_layout_it_aint_much_but_its_honest_work/","https://i.redd.it/bze2v62k2pf71.jpg","225","674771","community image post; strict layout/showcase query; preview-sized download"
"full-base",".\Docs\guides\Base\reference-layout-pack\full-base\078-decided-to-play-some-rimworld-again-it-feels-good-to-be-back-rate-my-b.png","Decided to play some Rimworld again. It feels good to be back, rate my base!","Reddit r/RimWorld","https://www.reddit.com/r/RimWorld/comments/1jn9b3m/decided_to_play_some_rimworld_again_it_feels_good/","https://i.redd.it/nllow8fmwsre1.png","211","3957023","community image post; strict layout/showcase query; preview-sized download"
"full-base",".\Docs\guides\Base\reference-layout-pack\full-base\079-not-sure-how-to-design-the-rest-of-my-base-input-appreciated.jpg","Not sure how to design the rest of my base, input appreciated","Reddit r/RimWorld","https://www.reddit.com/r/RimWorld/comments/10i2047/not_sure_how_to_design_the_rest_of_my_base_input/","https://i.redd.it/qe635yd4rgda1.jpg","204","13147636","community image post; strict layout/showcase query; preview-sized download"
"full-base",".\Docs\guides\Base\reference-layout-pack\full-base\080-first-time-player-250-hours-in-rate-my-base.png","First time player, 250 hours in. Rate my base.","Reddit r/RimWorld","https://www.reddit.com/r/RimWorld/comments/1hhxdnh/first_time_player_250_hours_in_rate_my_base/","https://i.redd.it/fq2dsc616u7e1.png","194","3494725","community image post; strict layout/showcase query; preview-sized download"
"full-base",".\Docs\guides\Base\reference-layout-pack\full-base\081-base-layout-what-to-change.png","Base layout - what to change ?","Reddit r/RimWorld","https://www.reddit.com/r/RimWorld/comments/17bdeuf/base_layout_what_to_change/","https://i.redd.it/a3b6j5sz24vb1.png","193","3242882","community image post; strict layout/showcase query; preview-sized download"
"full-base",".\Docs\guides\Base\reference-layout-pack\full-base\082-thoughts-on-this-layout-for-my-base.png","Thoughts on this layout for my base?","Reddit r/RimWorld","https://www.reddit.com/r/RimWorld/comments/wgwvdv/thoughts_on_this_layout_for_my_base/","https://i.redd.it/9hmz92d1nwf91.png","184","703225","community image post; strict layout/showcase query; preview-sized download"
"full-base",".\Docs\guides\Base\reference-layout-pack\full-base\083-anyone-else-spend-the-first-day-planning-a-base-layout-before-actually.png","Anyone else spend the first day planning a base layout before actually unpausing?","Reddit r/RimWorld","https://www.reddit.com/r/RimWorld/comments/1pp4zui/anyone_else_spend_the_first_day_planning_a_base/","https://i.redd.it/755vzpjcbt7g1.png","174","3058198","community image post; strict layout/showcase query; preview-sized download"
"full-base",".\Docs\guides\Base\reference-layout-pack\full-base\084-he-judges-my-colony-layout.jpg","He judges my colony layout","Reddit r/RimWorld","https://www.reddit.com/r/RimWorld/comments/122uj5n/he_judges_my_colony_layout/","https://i.redd.it/xch5mb7d16qa1.jpg","166","189255","community image post; strict layout/showcase query; preview-sized download"
"full-base",".\Docs\guides\Base\reference-layout-pack\full-base\085-thoughts-on-this-lemon-themed-base-design.png","Thoughts on this lemon-themed base design?","Reddit r/RimWorld","https://www.reddit.com/r/RimWorld/comments/x5nx5f/thoughts_on_this_lemonthemed_base_design/","https://i.redd.it/xiu8oc6anul91.png","163","1575496","community image post; strict layout/showcase query; preview-sized download"
"full-base",".\Docs\guides\Base\reference-layout-pack\full-base\086-base-showcase-my-precious-circle-base-i-ve-been-defeated-by-a-dumb-def.jpg","(Base showcase) My precious circle base. I've been defeated by a dumb defence strat. What do you guys think about the design?","Reddit r/RimWorld","https://www.reddit.com/r/RimWorld/comments/eky910/base_showcase_my_precious_circle_base_ive_been/","https://i.redd.it/jz5up5oed7941.jpg","152","325416","community image post; strict layout/showcase query; preview-sized download"
"full-base",".\Docs\guides\Base\reference-layout-pack\full-base\087-im-choosing-a-base-setup-send-me-your-best-layouts.jpg","Im choosing a base setup, send me your best layouts","Reddit r/RimWorld","https://www.reddit.com/r/RimWorld/comments/18y5hc3/im_choosing_a_base_setup_send_me_your_best_layouts/","https://i.redd.it/77dwav3a1dac1.jpeg","143","47163","community image post; strict layout/showcase query; preview-sized download"
"full-base",".\Docs\guides\Base\reference-layout-pack\full-base\088-opinion-on-my-base-layout.png","Opinion on my base layout","Reddit r/RimWorld","https://www.reddit.com/r/RimWorld/comments/1q3p6e1/opinion_on_my_base_layout/","https://i.redd.it/qpn66hz2xbbg1.png","138","3678728","community image post; strict layout/showcase query; preview-sized download"
"full-base",".\Docs\guides\Base\reference-layout-pack\full-base\089-my-extremely-unorganized-and-unorthodox-base-design-with-most-of-the-b.png","My extremely unorganized and unorthodox base design, with most of the buildings as old as my first 20 minutes into the game itself. Im just too lazy to rebuild the entire place.","Reddit r/RoastMyColony","https://www.reddit.com/r/RoastMyColony/comments/i8swzm/my_extremely_unorganized_and_unorthodox_base/","https://preview.redd.it/ey327x5zzog51.png?width=1080&crop=smart&auto=webp&s=bbf74b58ceb7b2a597930d6234dfd0cd726c7c47","131","365175","community image post; strict layout/showcase query; preview-sized download"
"full-base",".\Docs\guides\Base\reference-layout-pack\full-base\090-i-just-had-a-two-hour-rimworld-session-where-i-didn-t-unpause-the-game.jpg","I just had a two hour Rimworld session where I didn't unpause the game at all. Just planning my base layout.","Reddit r/RimWorld","https://www.reddit.com/r/RimWorld/comments/8ha8a1/i_just_had_a_two_hour_rimworld_session_where_i/","https://i.imgur.com/oE3EPEm.jpg","124","725643","community image post; strict layout/showcase query; preview-sized download"
"full-base",".\Docs\guides\Base\reference-layout-pack\full-base\091-this-is-my-current-base-layout-plan-explanation-on-the-first-comment-l.png","This is my current base layout plan. Explanation on the first comment. Looking for opinions and advice!","Reddit r/RimWorld","https://www.reddit.com/r/RimWorld/comments/frrkzj/this_is_my_current_base_layout_plan_explanation/","https://i.redd.it/i6kf27hcjtp41.png","124","1206287","community image post; strict layout/showcase query; preview-sized download"
"full-base",".\Docs\guides\Base\reference-layout-pack\full-base\092-opinion-and-advice-on-base-design.png","Opinion and advice on base design ?","Reddit r/RimWorld","https://www.reddit.com/r/RimWorld/comments/rc07yh/opinion_and_advice_on_base_design/","https://i.redd.it/vn45novtod481.png","122","118411","community image post; strict layout/showcase query; preview-sized download"
"full-base",".\Docs\guides\Base\reference-layout-pack\full-base\093-noob-first-base-layout-i-m-actually-proud-of.jpg","Noob, First Base Layout I’m Actually Proud of !","Reddit r/RimWorld","https://www.reddit.com/r/RimWorld/comments/ry8659/noob_first_base_layout_im_actually_proud_of/","https://i.redd.it/i9j5icriw9a81.jpg","119","243823","community image post; strict layout/showcase query; preview-sized download"
"full-base",".\Docs\guides\Base\reference-layout-pack\full-base\094-i-tend-to-build-my-bases-as-singular-structure-rather-than-sprawling-c.png","I tend to build my bases as singular structure rather than sprawling complexes. What do you think of this layout, with room for 12 (or more) pawns? In a day or two once it's built I'll upload screen shots but I'll take feedback now.","Reddit r/RimWorld","https://www.reddit.com/r/RimWorld/comments/f6hnpj/i_tend_to_build_my_bases_as_singular_structure/","https://i.redd.it/dmdhfk077yh41.png","118","14161","community image post; strict layout/showcase query; preview-sized download"
"full-base",".\Docs\guides\Base\reference-layout-pack\full-base\095-how-would-you-rate-my-mid-game-base.png","How would you rate my mid-game base?","Reddit r/RimWorld","https://www.reddit.com/r/RimWorld/comments/1s5rycw/how_would_you_rate_my_midgame_base/","https://i.redd.it/ywqn29863qrg1.png","101","2262821","community image post; strict layout/showcase query; preview-sized download"
"full-base",".\Docs\guides\Base\reference-layout-pack\full-base\096-my-current-city-base.jpg","My current City Base","Reddit r/RimWorld","https://www.reddit.com/r/RimWorld/comments/w2fmij/my_current_city_base/","https://i.redd.it/oz6uk5f0dfc91.jpg","98","615997","community image post; strict layout/showcase query; preview-sized download"
"full-base",".\Docs\guides\Base\reference-layout-pack\full-base\097-new-campaign-what-do-you-think-of-my-base-layout-dont-worry-there-are.png","New campaign, ¿what do you think of my base layout? (Dont worry, there are no ""area revealed"" zones xD) if you have some ideas of improvement i will be appreciated.","Reddit r/RimWorld","https://www.reddit.com/r/RimWorld/comments/qngjoc/new_campaign_what_do_you_think_of_my_base_layout/","https://i.redd.it/6uo5c4tndtx71.png","98","1974501","community image post; strict layout/showcase query; preview-sized download"
"full-base",".\Docs\guides\Base\reference-layout-pack\full-base\098-rate-my-base.jpg","rate my base","Reddit r/RimWorld","https://www.reddit.com/r/RimWorld/comments/9dvnh3/rate_my_base/","https://i.redd.it/bthxr63p8uk11.jpg","94","738644","community image post; strict layout/showcase query; preview-sized download"
"full-base",".\Docs\guides\Base\reference-layout-pack\full-base\099-behold-my-box.jpg","behold my box","Reddit r/RimWorld","https://www.reddit.com/r/RimWorld/comments/1q8k1jp/behold_my_box/","https://i.redd.it/bwfiq5td0ecg1.jpeg","90","804728","community image post; strict layout/showcase query; preview-sized download"
"full-base",".\Docs\guides\Base\reference-layout-pack\full-base\100-my-randomly-designed-base-in-year-4.jpg","My randomly designed base in year 4","Reddit r/RimWorld","https://www.reddit.com/r/RimWorld/comments/cvjufq/my_randomly_designed_base_in_year_4/","https://i.redd.it/jhcj9wekcqi31.jpg","81","3411769","community image post; strict layout/showcase query; preview-sized download"
"single-room",".\Docs\guides\Base\reference-layout-pack\single-room\001-dotesports-rimworld-killbox-building-jpg.jpg","dotesports-rimworld-killbox-building.jpg","existing-guide-corpus","Docs/guides/Base existing corpus","C:\Users\orca\.codex\worktrees\3274\RimBob\Docs\guides\Base\images\dotesports-rimworld-killbox-building.jpg","100000","99286","local curated image copied from existing guide corpus"
"single-room",".\Docs\guides\Base\reference-layout-pack\single-room\002-dotesports-rimworld-killbox-effective-layout-jpg.jpg","dotesports-rimworld-killbox-effective-layout.jpg","existing-guide-corpus","Docs/guides/Base existing corpus","C:\Users\orca\.codex\worktrees\3274\RimBob\Docs\guides\Base\images\dotesports-rimworld-killbox-effective-layout.jpg","100000","81118","local curated image copied from existing guide corpus"
"single-room",".\Docs\guides\Base\reference-layout-pack\single-room\003-dotesports-rimworld-killbox-overview-jpg.jpg","dotesports-rimworld-killbox-overview.jpg","existing-guide-corpus","Docs/guides/Base existing corpus","C:\Users\orca\.codex\worktrees\3274\RimBob\Docs\guides\Base\images\dotesports-rimworld-killbox-overview.jpg","100000","98682","local curated image copied from existing guide corpus"
"single-room",".\Docs\guides\Base\reference-layout-pack\single-room\004-rimworldwiki-colony-building-bedroom-png.png","rimworldwiki-colony-building-bedroom.png","existing-guide-corpus","Docs/guides/Base existing corpus","C:\Users\orca\.codex\worktrees\3274\RimBob\Docs\guides\Base\images\rimworldwiki-colony-building-bedroom.png","100000","107919","local curated image copied from existing guide corpus"
"single-room",".\Docs\guides\Base\reference-layout-pack\single-room\005-rimworldwiki-colony-building-combined-dining-rec-throne-png.png","rimworldwiki-colony-building-combined-dining-rec-throne.png","existing-guide-corpus","Docs/guides/Base existing corpus","C:\Users\orca\.codex\worktrees\3274\RimBob\Docs\guides\Base\images\rimworldwiki-colony-building-combined-dining-rec-throne.png","100000","112953","local curated image copied from existing guide corpus"
"single-room",".\Docs\guides\Base\reference-layout-pack\single-room\006-rimworldwiki-colony-building-compact-hospital-png.png","rimworldwiki-colony-building-compact-hospital.png","existing-guide-corpus","Docs/guides/Base existing corpus","C:\Users\orca\.codex\worktrees\3274\RimBob\Docs\guides\Base\images\rimworldwiki-colony-building-compact-hospital.png","100000","116596","local curated image copied from existing guide corpus"
"single-room",".\Docs\guides\Base\reference-layout-pack\single-room\007-rimworldwiki-colony-building-courtyard-png.png","rimworldwiki-colony-building-courtyard.png","existing-guide-corpus","Docs/guides/Base existing corpus","C:\Users\orca\.codex\worktrees\3274\RimBob\Docs\guides\Base\images\rimworldwiki-colony-building-courtyard.png","100000","129863","local curated image copied from existing guide corpus"
"single-room",".\Docs\guides\Base\reference-layout-pack\single-room\008-rimworldwiki-colony-building-freezer-coolers-png.png","rimworldwiki-colony-building-freezer-coolers.png","existing-guide-corpus","Docs/guides/Base existing corpus","C:\Users\orca\.codex\worktrees\3274\RimBob\Docs\guides\Base\images\rimworldwiki-colony-building-freezer-coolers.png","100000","140868","local curated image copied from existing guide corpus"
"single-room",".\Docs\guides\Base\reference-layout-pack\single-room\009-rimworldwiki-colony-building-hydroponics-sunlamp-png.png","rimworldwiki-colony-building-hydroponics-sunlamp.png","existing-guide-corpus","Docs/guides/Base existing corpus","C:\Users\orca\.codex\worktrees\3274\RimBob\Docs\guides\Base\images\rimworldwiki-colony-building-hydroponics-sunlamp.png","100000","116143","local curated image copied from existing guide corpus"
"single-room",".\Docs\guides\Base\reference-layout-pack\single-room\010-rimworldwiki-colony-building-kitchen-area-png.png","rimworldwiki-colony-building-kitchen-area.png","existing-guide-corpus","Docs/guides/Base existing corpus","C:\Users\orca\.codex\worktrees\3274\RimBob\Docs\guides\Base\images\rimworldwiki-colony-building-kitchen-area.png","100000","137522","local curated image copied from existing guide corpus"
"single-room",".\Docs\guides\Base\reference-layout-pack\single-room\011-rimworldwiki-colony-building-prison-block-png.png","rimworldwiki-colony-building-prison-block.png","existing-guide-corpus","Docs/guides/Base existing corpus","C:\Users\orca\.codex\worktrees\3274\RimBob\Docs\guides\Base\images\rimworldwiki-colony-building-prison-block.png","100000","170452","local curated image copied from existing guide corpus"
"single-room",".\Docs\guides\Base\reference-layout-pack\single-room\012-rimworldwiki-colony-building-solar-wind-setup-png.png","rimworldwiki-colony-building-solar-wind-setup.png","existing-guide-corpus","Docs/guides/Base existing corpus","C:\Users\orca\.codex\worktrees\3274\RimBob\Docs\guides\Base\images\rimworldwiki-colony-building-solar-wind-setup.png","100000","256478","local curated image copied from existing guide corpus"
"single-room",".\Docs\guides\Base\reference-layout-pack\single-room\013-rimworldwiki-colony-building-special-freezer-png.png","rimworldwiki-colony-building-special-freezer.png","existing-guide-corpus","Docs/guides/Base existing corpus","C:\Users\orca\.codex\worktrees\3274\RimBob\Docs\guides\Base\images\rimworldwiki-colony-building-special-freezer.png","100000","112211","local curated image copied from existing guide corpus"
"single-room",".\Docs\guides\Base\reference-layout-pack\single-room\014-rimworldwiki-defense-cover-bait-flank-png.png","rimworldwiki-defense-cover-bait-flank.png","existing-guide-corpus","Docs/guides/Base existing corpus","C:\Users\orca\.codex\worktrees\3274\RimBob\Docs\guides\Base\images\rimworldwiki-defense-cover-bait-flank.png","100000","255022","local curated image copied from existing guide corpus"
"single-room",".\Docs\guides\Base\reference-layout-pack\single-room\015-rimworldwiki-defense-killbox-entry-correct-png.png","rimworldwiki-defense-killbox-entry-correct.png","existing-guide-corpus","Docs/guides/Base existing corpus","C:\Users\orca\.codex\worktrees\3274\RimBob\Docs\guides\Base\images\rimworldwiki-defense-killbox-entry-correct.png","100000","121313","local curated image copied from existing guide corpus"
"single-room",".\Docs\guides\Base\reference-layout-pack\single-room\016-rimworldwiki-defense-killbox-entry-wrong-png.png","rimworldwiki-defense-killbox-entry-wrong.png","existing-guide-corpus","Docs/guides/Base existing corpus","C:\Users\orca\.codex\worktrees\3274\RimBob\Docs\guides\Base\images\rimworldwiki-defense-killbox-entry-wrong.png","100000","102139","local curated image copied from existing guide corpus"
"single-room",".\Docs\guides\Base\reference-layout-pack\single-room\017-rimworldwiki-defense-killbox-overview-png.png","rimworldwiki-defense-killbox-overview.png","existing-guide-corpus","Docs/guides/Base existing corpus","C:\Users\orca\.codex\worktrees\3274\RimBob\Docs\guides\Base\images\rimworldwiki-defense-killbox-overview.png","100000","388002","local curated image copied from existing guide corpus"
"single-room",".\Docs\guides\Base\reference-layout-pack\single-room\018-rimworldwiki-defense-killhall-plan-png.png","rimworldwiki-defense-killhall-plan.png","existing-guide-corpus","Docs/guides/Base existing corpus","C:\Users\orca\.codex\worktrees\3274\RimBob\Docs\guides\Base\images\rimworldwiki-defense-killhall-plan.png","100000","158483","local curated image copied from existing guide corpus"
"single-room",".\Docs\guides\Base\reference-layout-pack\single-room\019-rimworldwiki-defense-long-slowing-entry-png.png","rimworldwiki-defense-long-slowing-entry.png","existing-guide-corpus","Docs/guides/Base existing corpus","C:\Users\orca\.codex\worktrees\3274\RimBob\Docs\guides\Base\images\rimworldwiki-defense-long-slowing-entry.png","100000","58319","local curated image copied from existing guide corpus"
"single-room",".\Docs\guides\Base\reference-layout-pack\single-room\020-rimworldwiki-defense-mixed-cover-line-png.png","rimworldwiki-defense-mixed-cover-line.png","existing-guide-corpus","Docs/guides/Base existing corpus","C:\Users\orca\.codex\worktrees\3274\RimBob\Docs\guides\Base\images\rimworldwiki-defense-mixed-cover-line.png","100000","64475","local curated image copied from existing guide corpus"
"single-room",".\Docs\guides\Base\reference-layout-pack\single-room\021-rimworldwiki-defense-moat-trap-islands-png.png","rimworldwiki-defense-moat-trap-islands.png","existing-guide-corpus","Docs/guides/Base existing corpus","C:\Users\orca\.codex\worktrees\3274\RimBob\Docs\guides\Base\images\rimworldwiki-defense-moat-trap-islands.png","100000","238738","local curated image copied from existing guide corpus"
"single-room",".\Docs\guides\Base\reference-layout-pack\single-room\022-rimworldwiki-defense-ruin-pillbox-png.png","rimworldwiki-defense-ruin-pillbox.png","existing-guide-corpus","Docs/guides/Base existing corpus","C:\Users\orca\.codex\worktrees\3274\RimBob\Docs\guides\Base\images\rimworldwiki-defense-ruin-pillbox.png","100000","164111","local curated image copied from existing guide corpus"
"single-room",".\Docs\guides\Base\reference-layout-pack\single-room\023-rimworldwiki-defense-slowing-tunnel-png.png","rimworldwiki-defense-slowing-tunnel.png","existing-guide-corpus","Docs/guides/Base existing corpus","C:\Users\orca\.codex\worktrees\3274\RimBob\Docs\guides\Base\images\rimworldwiki-defense-slowing-tunnel.png","100000","166694","local curated image copied from existing guide corpus"
"single-room",".\Docs\guides\Base\reference-layout-pack\single-room\024-rimworldwiki-defense-trap-fence-choke-jpg.jpg","rimworldwiki-defense-trap-fence-choke.jpg","existing-guide-corpus","Docs/guides/Base existing corpus","C:\Users\orca\.codex\worktrees\3274\RimBob\Docs\guides\Base\images\rimworldwiki-defense-trap-fence-choke.jpg","100000","6382","local curated image copied from existing guide corpus"
"single-room",".\Docs\guides\Base\reference-layout-pack\single-room\025-rimworldwiki-rooms-quality-preview-png.png","rimworldwiki-rooms-quality-preview.png","existing-guide-corpus","Docs/guides/Base existing corpus","C:\Users\orca\.codex\worktrees\3274\RimBob\Docs\guides\Base\images\rimworldwiki-rooms-quality-preview.png","100000","19635","local curated image copied from existing guide corpus"
"single-room",".\Docs\guides\Base\reference-layout-pack\single-room\026-cozy-indoor-garden.jpg","Cozy Indoor Garden","RimWorld Base","https://rimworldbase.com/rimworld-bases/cozy-indoor-garden/","https://rimworldbase.com/wp-content/uploads/2017/06/Cozy-indoor-garden.jpg","50000","47730","RimWorld Base page image"
"single-room",".\Docs\guides\Base\reference-layout-pack\single-room\027-cozy-prison.jpg","Cozy Prison","RimWorld Base","https://rimworldbase.com/rimworld-bases/cozy-prison/","https://rimworldbase.com/wp-content/uploads/2017/10/Cozy-Prison.jpg","50000","26082","RimWorld Base page image"
"single-room",".\Docs\guides\Base\reference-layout-pack\single-room\028-double-wall-rimworld-base-defenses.webp","Double Wall RimWorld Base Defenses","RimWorld Base","https://rimworldbase.com/rimworld-bases/double-wall-rimworld-base-defenses/","https://rimworldbase.com/wp-content/uploads/2023/03/RimWorld-Base-Double-Wall-Defenses.webp","50000","183416","RimWorld Base page image"
"single-room",".\Docs\guides\Base\reference-layout-pack\single-room\029-have-a-drink-8211-the-bar.jpg","Have a Drink? &#8211; The Bar","RimWorld Base","https://rimworldbase.com/rimworld-bases/have-a-drink-the-bar/","https://rimworldbase.com/wp-content/uploads/2017/11/the-bar.jpg","50000","38384","RimWorld Base page image"
"single-room",".\Docs\guides\Base\reference-layout-pack\single-room\030-hospital.jpg","Hospital","RimWorld Base","https://rimworldbase.com/rimworld-bases/hospital/","https://rimworldbase.com/wp-content/uploads/2017/08/hospital.jpg","50000","19634","RimWorld Base page image"
"single-room",".\Docs\guides\Base\reference-layout-pack\single-room\031-hospital-and-major-bedrooms.jpg","Hospital and Major Bedrooms","RimWorld Base","https://rimworldbase.com/rimworld-bases/hospital-and-major-bedrooms/","https://rimworldbase.com/wp-content/uploads/2017/10/Hospital-and-Major-Bedrooms.jpg","50000","61322","RimWorld Base page image"
"single-room",".\Docs\guides\Base\reference-layout-pack\single-room\032-hospital-double-rooms.jpg","Hospital Double rooms","RimWorld Base","https://rimworldbase.com/rimworld-bases/hospital-double-rooms/","https://rimworldbase.com/wp-content/uploads/2017/06/Hospital-double-rooms.jpg","50000","78669","RimWorld Base page image"
"single-room",".\Docs\guides\Base\reference-layout-pack\single-room\033-indoor-winter-garden.jpg","Indoor Winter Garden","RimWorld Base","https://rimworldbase.com/rimworld-bases/indoor-winter-garden/","https://rimworldbase.com/wp-content/uploads/2017/06/Indoor-Winter-Garden.jpg","50000","130920","RimWorld Base page image"
"single-room",".\Docs\guides\Base\reference-layout-pack\single-room\034-long-term-rimworld-hospital-layout.jpg","Long Term RimWorld Hospital Layout","RimWorld Base","https://rimworldbase.com/rimworld-bases/long-term-rimworld-hospital-layout/","https://rimworldbase.com/wp-content/uploads/2017/12/Long-Term-RimWorld-Hospital-Layout.jpg","50000","55664","RimWorld Base page image"
"single-room",".\Docs\guides\Base\reference-layout-pack\single-room\035-miraculously-wonderful-dining-room.jpg","Miraculously Wonderful Dining Room","RimWorld Base","https://rimworldbase.com/rimworld-bases/miraculously-wonderful-dining-room/","https://rimworldbase.com/wp-content/uploads/2017/05/Miraculously-Wonderful-Dining-Room.jpg","50000","99944","RimWorld Base page image"
"single-room",".\Docs\guides\Base\reference-layout-pack\single-room\036-rib-defenses.jpg","Rib Defenses","RimWorld Base","https://rimworldbase.com/rimworld-bases/rib-defenses/","https://rimworldbase.com/wp-content/uploads/2017/06/Rib-Defenses.jpg","50000","91550","RimWorld Base page image"
"single-room",".\Docs\guides\Base\reference-layout-pack\single-room\037-rimworld-best-hospital-ever.jpg","Rimworld best Hospital ever!","RimWorld Base","https://rimworldbase.com/rimworld-bases/rimworld-best-hospital-ever/","https://rimworldbase.com/wp-content/uploads/2017/06/hospital.jpg","50000","60360","RimWorld Base page image"
"single-room",".\Docs\guides\Base\reference-layout-pack\single-room\038-standard-defense.jpg","Standard defense","RimWorld Base","https://rimworldbase.com/rimworld-bases/standard-defense/","https://rimworldbase.com/wp-content/uploads/2017/06/defenses.jpg","50000","31874","RimWorld Base page image"
"single-room",".\Docs\guides\Base\reference-layout-pack\single-room\039-winter-kitchen-038-garden-layout.jpg","Winter Kitchen &#038; Garden Layout","RimWorld Base","https://rimworldbase.com/rimworld-bases/winter-kitchen-garden-layout/","https://rimworldbase.com/wp-content/uploads/2017/09/Winter-Kitchen-and-Garden.jpg","50000","71182","RimWorld Base page image"
"single-room",".\Docs\guides\Base\reference-layout-pack\single-room\040-this-is-my-default-5x5-bedroom-setup-for-my-colonists-given-the-change.jpg","This is my default 5x5 bedroom setup for my colonists. Given the change in 1.6 to allow for smaller bedrooms, what new layouts have been working for you?","Reddit r/RimWorld","https://www.reddit.com/r/RimWorld/comments/1lm2co0/this_is_my_default_5x5_bedroom_setup_for_my/","https://i.redd.it/gi3xxg9rqi9f1.jpeg","772","58900","community image post; room/module query; preview-sized download"
"single-room",".\Docs\guides\Base\reference-layout-pack\single-room\041-is-this-the-best-way-to-do-a-greenhouse-farming-in-general.png","Is this the best way to do a greenhouse/farming in general?","Reddit r/RimWorld","https://www.reddit.com/r/RimWorld/comments/1sgze5o/is_this_the_best_way_to_do_a_greenhousefarming_in/","https://i.redd.it/xffd1y12t7ug1.png","458","733744","community image post; room/module query; preview-sized download"
"single-room",".\Docs\guides\Base\reference-layout-pack\single-room\042-optimized-workshop-layout-looks-a-satanic-cult.png","Optimized workshop layout looks a satanic cult","Reddit r/RimWorld","https://www.reddit.com/r/RimWorld/comments/1sxh87e/optimized_workshop_layout_looks_a_satanic_cult/","https://i.redd.it/yotlmnxqusxg1.png","419","605696","community image post; room/module query; preview-sized download"
"single-room",".\Docs\guides\Base\reference-layout-pack\single-room\043-how-do-you-like-my-new-workshop-layout.png","How do you like my new workshop layout?","Reddit r/RimWorld","https://www.reddit.com/r/RimWorld/comments/8srev6/how_do_you_like_my_new_workshop_layout/","https://i.redd.it/8mrww1kzjc511.png","374","439568","community image post; room/module query; preview-sized download"
"single-room",".\Docs\guides\Base\reference-layout-pack\single-room\044-bedroom-layout.jpg","Bedroom Layout","Reddit r/RimWorld","https://www.reddit.com/r/RimWorld/comments/1rlvnuz/bedroom_layout/","https://i.redd.it/wf497m6dxang1.jpeg","312","231827","community image post; room/module query; preview-sized download"
"single-room",".\Docs\guides\Base\reference-layout-pack\single-room\045-arguably-the-best-map-tile-i-ve-ever-seen.jpg","arguably the best map tile i've ever seen","Reddit r/RimWorld","https://www.reddit.com/r/RimWorld/comments/1qns80x/arguably_the_best_map_tile_ive_ever_seen/","https://i.redd.it/4kt5nzi96rfg1.jpeg","166","18042155","community image post; room/module query; preview-sized download"
"single-room",".\Docs\guides\Base\reference-layout-pack\single-room\046-your-opinion-on-my-bedroom-layout.jpg","Your opinion on my bedroom layout","Reddit r/RimWorld","https://www.reddit.com/r/RimWorld/comments/11xnuxk/your_opinion_on_my_bedroom_layout/","https://i.redd.it/8bkrsacdn4pa1.jpg","103","103674","community image post; room/module query; preview-sized download"
"single-room",".\Docs\guides\Base\reference-layout-pack\single-room\047-is-this-kitchen-layout-efficient.png","Is this Kitchen layout efficient ?","Reddit r/RimWorld","https://www.reddit.com/r/RimWorld/comments/ji3j3g/is_this_kitchen_layout_efficient/","https://i.redd.it/or5iw7szqbv51.png","32","550264","community image post; room/module query; preview-sized download"
"single-room",".\Docs\guides\Base\reference-layout-pack\single-room\048-trying-to-use-pillboxes-instead-of-killboxes-here-s-my-early-game-layo.png","Trying to use pillboxes instead of killboxes. Here's my early game layout. Any suggestions?","Reddit r/RimWorld","https://www.reddit.com/r/RimWorld/comments/auqh4y/trying_to_use_pillboxes_instead_of_killboxes/","https://i.redd.it/nin3gwlc6si21.png","27","1670237","community image post; room/module query; preview-sized download"
"single-room",".\Docs\guides\Base\reference-layout-pack\single-room\049-thoughts-about-my-little-base.png","Thoughts about my little base?","Reddit r/RimWorld","https://www.reddit.com/r/RimWorld/comments/1mnqa7o/thoughts_about_my_little_base/","https://i.redd.it/wv5k51xzngif1.png","26","1461624","community image post; room/module query; preview-sized download"
"single-room",".\Docs\guides\Base\reference-layout-pack\single-room\050-a-workshop-layout-i-m-planning-what-s-there-to-improve.png","A workshop layout I'm planning. What's there to improve?","Reddit r/RimWorld","https://www.reddit.com/r/RimWorld/comments/151m681/a_workshop_layout_im_planning_whats_there_to/","https://i.redd.it/j1a1ymwi3fcb1.png","24","1176356","community image post; room/module query; preview-sized download"
"single-room",".\Docs\guides\Base\reference-layout-pack\single-room\051-advice-on-where-to-build-next-how-to-upgrade.png","Advice on where to build next/how to upgrade","Reddit r/RimWorld","https://www.reddit.com/r/RimWorld/comments/1ot5nto/advice_on_where_to_build_nexthow_to_upgrade/","https://i.redd.it/tbwvjl4u8d0g1.png","22","1739878","community image post; room/module query; preview-sized download"
"single-room",".\Docs\guides\Base\reference-layout-pack\single-room\052-simple-freezer-kitchen-butcher-room-layout.png","Simple freezer, kitchen butcher room layout","Reddit r/RimWorld","https://www.reddit.com/r/RimWorld/comments/1bjj0ck/simple_freezer_kitchen_butcher_room_layout/","https://i.redd.it/xok1iex2xipc1.png","22","1343118","community image post; room/module query; preview-sized download"
"single-room",".\Docs\guides\Base\reference-layout-pack\single-room\053-over-2-years-into-my-homestead-just-researched-some-sentry-guns-trying.jpg","Over 2 years into my homestead, just researched some sentry guns, trying to decide if I should turn the North entrance into a killbox or the South. Currently rearranging the farm layout. Eventually we'll get a genetics lab as well as a proper production warehouse","Reddit r/RimWorld","https://www.reddit.com/r/RimWorld/comments/wj57l9/over_2_years_into_my_homestead_just_researched/","https://i.redd.it/ptwq5wcxrgg91.jpg","21","17376757","community image post; room/module query; preview-sized download"
"single-room",".\Docs\guides\Base\reference-layout-pack\single-room\054-is-this-kitchen-layout-ok.jpg","Is this kitchen layout ok?","Reddit r/RimWorld","https://www.reddit.com/r/RimWorld/comments/13t3p16/is_this_kitchen_layout_ok/","https://i.redd.it/y7z54f545e2b1.jpg","16","156463","community image post; room/module query; preview-sized download"
"single-room",".\Docs\guides\Base\reference-layout-pack\single-room\055-hey-i-tried-to-build-a-killbox-with-spike-traps-for-the-first-time-and.jpg","Hey, I tried to build a killbox with spike traps for the first time and I spontaneously built this layout. All the many doors I had to build because otherwise they can run over all the traps and die. Any suggestions for improvement?","Reddit r/RimWorld","https://www.reddit.com/r/RimWorld/comments/nz62dp/hey_i_tried_to_build_a_killbox_with_spike_traps/","https://i.redd.it/wao3t05xf3571.jpg","10","392220","community image post; room/module query; preview-sized download"
"single-room",".\Docs\guides\Base\reference-layout-pack\single-room\056-base-plan-naked-brutality-pt-1.jpg","Base Plan (Naked Brutality) pt.1","Reddit r/RimWorld","https://www.reddit.com/r/RimWorld/comments/15ic4gp/base_plan_naked_brutality_pt1/","https://i.redd.it/cz0kurfgt5gb1.jpg","9","1414665","community image post; room/module query; preview-sized download"
"single-room",".\Docs\guides\Base\reference-layout-pack\single-room\057-is-this-a-good-way-to-arrange-hydroponics-in-a-11x11-square-or-are-the.png","Is this a good way to arrange hydroponics in a 11x11 square? Or are there any better layouts?","Reddit r/RimWorld","https://www.reddit.com/r/RimWorld/comments/1gpyw5m/is_this_a_good_way_to_arrange_hydroponics_in_a/","https://i.redd.it/mtj4cept2k0e1.png","8","1006951","community image post; room/module query; preview-sized download"
"single-room",".\Docs\guides\Base\reference-layout-pack\single-room\058-passive-cooler-in-central-bedroom-and-vents-either-side-but-still-33-d.png","Passive cooler in central bedroom and vents either side, but still 33 degrees inside during heatwave? No idea if the layout even works but should the passive cooler be more effective?","Reddit r/RimWorld","https://www.reddit.com/r/RimWorld/comments/13hhbbr/passive_cooler_in_central_bedroom_and_vents/","https://i.redd.it/k7xjez3zutza1.png","8","2832700","community image post; room/module query; preview-sized download"
"single-room",".\Docs\guides\Base\reference-layout-pack\single-room\059-hey-so-umm-i-tried-watching-a-tutorial-for-making-a-killbox-and-i-hone.png","Hey! So umm i tried watching a tutorial for making a killbox and i honestly don't even know where to start so i thought maybe some of you guys who have a lot more of experience could give me advice of how and where i can build a killbox? Here is a layout of my base atm.","Reddit r/RimWorld","https://www.reddit.com/r/RimWorld/comments/yunuyg/hey_so_umm_i_tried_watching_a_tutorial_for_making/","https://i.redd.it/d7tqogj18uz91.png","7","1561337","community image post; room/module query; preview-sized download"
"single-room",".\Docs\guides\Base\reference-layout-pack\single-room\060-can-anyone-think-of-a-more-efficient-hospital-bed-layout-using-the-spa.png","Can anyone think of a more efficient hospital bed layout using the space provided and ensuring everyone can see a tv? (See image below)","Reddit r/RimWorld","https://www.reddit.com/r/RimWorld/comments/157zjc0/can_anyone_think_of_a_more_efficient_hospital_bed/","https://i.redd.it/tz9wi2696udb1.png","6","479170","community image post; room/module query; preview-sized download"
"single-room",".\Docs\guides\Base\reference-layout-pack\single-room\061-anyone-use-barbs-and-moats.jpg","Anyone use Barbs and moats?","Reddit r/RimWorld","https://www.reddit.com/r/RimWorld/comments/1q25zxu/anyone_use_barbs_and_moats/","https://i.redd.it/2cs9qq829zag1.jpeg","5","236739","community image post; room/module query; preview-sized download"
"single-room",".\Docs\guides\Base\reference-layout-pack\single-room\062-thoughts-about-this-killbox-layout.jpg","Thoughts about this Killbox Layout","Reddit r/RimWorld","https://www.reddit.com/r/RimWorld/comments/9yh4zs/thoughts_about_this_killbox_layout/","https://i.redd.it/epvtbfdmqaz11.jpg","5","90572","community image post; room/module query; preview-sized download"
"single-room",".\Docs\guides\Base\reference-layout-pack\single-room\063-looking-for-tipis-on-how-to-fortify-my-colony-before-putting-the-diffi.png","Looking for tipis on how to fortify my colony before putting the difficulty higher","Reddit r/RimWorld","https://www.reddit.com/r/RimWorld/comments/1np2nln/looking_for_tipis_on_how_to_fortify_my_colony/","https://i.redd.it/zv15riooe1rf1.png","3","3262672","community image post; room/module query; preview-sized download"
"single-room",".\Docs\guides\Base\reference-layout-pack\single-room\064-world-got-currupt-so-i-had-to-restart.png","World got currupt so i had to restart","Reddit r/RimWorld","https://www.reddit.com/r/RimWorld/comments/1elpg2e/world_got_currupt_so_i_had_to_restart/","https://i.redd.it/v042b6cd83hd1.png","3","1415104","community image post; room/module query; preview-sized download"
"single-room",".\Docs\guides\Base\reference-layout-pack\single-room\065-killbox-layouts-and-tips-in-1-6.jpg","Killbox layouts and tips in 1.6?","Reddit r/RimWorld","https://www.reddit.com/r/RimWorld/comments/1ple2oy/killbox_layouts_and_tips_in_16/","https://i.redd.it/h2r8nuvfuw6g1.jpeg","1","47214","community image post; room/module query; preview-sized download"
"single-room",".\Docs\guides\Base\reference-layout-pack\single-room\066-please-help-me-with-a-killbox-for-mechanoids.png","Please help me with a killbox for mechanoids.","Reddit r/RimWorld","https://www.reddit.com/r/RimWorld/comments/1ndl1kf/please_help_me_with_a_killbox_for_mechanoids/","https://i.redd.it/2ee9dqbojdof1.png","0","901097","community image post; room/module query; preview-sized download"
